decile,n,churners,avg_p,rate,cum_capture,lift
1,200,168,0.7945044,0.84,0.41277641277641275,4.127764127764128
2,200,87,0.4437639,0.435,0.6265356265356266,2.137592137592138
3,200,50,0.26524934,0.25,0.7493857493857494,1.2285012285012287
4,200,38,0.18176249,0.19,0.8427518427518428,0.9336609336609337
5,200,21,0.12930511,0.105,0.8943488943488943,0.515970515970516
6,200,18,0.09425159,0.09,0.9385749385749386,0.44226044226044225
7,200,8,0.06674979,0.04,0.9582309582309583,0.19656019656019658
8,200,10,0.04456019,0.05,0.9828009828009828,0.24570024570024573
9,200,5,0.02699787,0.025,0.995085995085995,0.12285012285012287
10,200,2,0.014377706,0.01,1.0,0.049140049140049144
