,coef
IsActiveMember,-0.6433884818696831
Gender_Male,-0.3258551831012619
Geography_France,-0.3222894243908993
Geography_Spain,-0.26266375031291445
NumOfProducts,-0.13710817303145362
CreditScore,-0.08851081631162272
ZeroBalance,-0.06494503775345904
AgeTenure,-0.05191612414346447
HasCrCard,-0.03139137826697432
ProductDensity,0.03241597441814761
Tenure,0.049221274807161465
EstimatedSalary,0.054796981181911404
BalanceSalaryRatio,0.1054510890128414
Balance,0.11987335850728544
Gender_Female,0.2244886774282945
EngagementProduct,0.23066989154368564
Geography_Germany,0.4835866690308431
Age,0.8204200864338134
