feature,mean,std
Age,0.12718270401886222,0.008756612736461951
NumOfProducts,0.11388712801142181,0.009625080840767746
IsActiveMember,0.03227356786678822,0.005376457482360297
Balance,0.027576523621721406,0.004347890578264675
Geography,0.01692745647547913,0.0022008998452979567
Gender,0.008218439291885623,0.001625084243612812
Tenure,0.0003986523760535432,0.0007801333020131505
CreditScore,0.00034168734733714214,0.0007488744563938455
HasCrCard,-0.00012410972862946973,0.000185504210286555
EstimatedSalary,-0.0003700670367337159,0.0010892466825622557
